{"evaluation/target_76_length_std": 0.0, "evaluation/target_76_length_mean": 50.0, "time/total": 2409.8757169246674, "evaluation/target_40_length_std": 0.0, "evaluation/target_40_length_mean": 50.0, "_step": 9, "evaluation/target_76_return_std": 0.975767315169701, "time/training": 216.81299424171448, "evaluation/target_76_return_mean": -2.5986096583262572, "training/train_loss_std": 0.00022487860035976906, "time/evaluation": 22.71292805671692, "training/train_loss_mean": 0.005553921119030565, "_timestamp": 1637742129.2271378, "_runtime": 2412.386421918869, "evaluation/target_40_return_mean": -2.6330166091420595, "training/action_error": 0.005410920828580856, "evaluation/target_40_return_std": 0.915699028098781}
