{"_step": 9, "time/training": 238.97232747077942, "_runtime": 2508.1143715381622, "evaluation/target_76_return_mean": -2.8119458988369868, "evaluation/target_76_length_mean": 50.0, "evaluation/target_40_return_std": 1.2790139283990487, "time/evaluation": 23.1964910030365, "training/train_loss_mean": 0.005529310079291463, "training/train_loss_std": 0.00022869769134469922, "evaluation/target_76_return_std": 1.3888922402324173, "evaluation/target_40_length_std": 0.0, "training/action_error": 0.0054356688633561134, "evaluation/target_40_return_mean": -2.632185200151686, "evaluation/target_76_length_std": 0.0, "evaluation/target_40_length_mean": 50.0, "time/total": 2505.6081743240356, "_timestamp": 1637729570.9531689}
