{"evaluation/target_40_length_mean": 50.0, "evaluation/target_40_length_std": 0.0, "evaluation/target_76_length_std": 0.0, "evaluation/target_40_return_std": 0.9671605649757552, "evaluation/target_76_return_mean": -2.591606028477336, "time/evaluation": 22.511475801467896, "evaluation/target_40_return_mean": -2.6381389657997976, "evaluation/target_76_return_std": 0.8816939948054754, "_step": 9, "training/train_loss_mean": 0.0055711194704752415, "_timestamp": 1637739347.8592684, "evaluation/target_76_length_mean": 50.0, "time/training": 213.23375368118286, "time/total": 2368.919042825699, "training/train_loss_std": 0.00022562058185477172, "training/action_error": 0.0053251986391842365, "_runtime": 2371.477993965149}
